City_ID,City,Country,Date,Lat,Lng,Max Temp,Humidity,Cloudiness,Wind Speed
0,Luderitz,NA,2020-09-01 03:38:04,-26.65,15.16,51.84,73,0,19.24
1,Portland,US,2020-09-01 03:35:04,45.52,-122.68,70.0,63,55,6.06
2,Khatanga,RU,2020-09-01 03:38:05,71.97,102.5,47.89,63,88,11.68
3,Busselton,AU,2020-09-01 03:38:05,-33.65,115.33,60.01,46,46,25.5
4,Rikitea,PF,2020-09-01 03:38:05,-23.12,-134.97,68.59,86,65,18.41
5,Ambon,ID,2020-09-01 03:38:05,-3.7,128.18,86.0,70,40,4.7
6,Pevek,RU,2020-09-01 03:38:06,69.7,170.31,37.26,89,97,11.77
7,Mataura,NZ,2020-09-01 03:38:06,-46.19,168.86,45.0,72,60,11.01
8,Castro,BR,2020-09-01 03:38:06,-24.79,-50.01,56.3,88,99,12.3
9,Vaini,TO,2020-09-01 03:38:07,-21.2,-175.2,80.6,83,75,10.29
10,Puerto Maldonado,PE,2020-09-01 03:38:07,-12.6,-69.18,70.39,95,100,0.83
11,Punta Arenas,CL,2020-09-01 03:38:07,-53.15,-70.92,37.4,88,0,21.92
12,Beira,MZ,2020-09-01 03:38:07,-19.84,34.84,68.0,94,75,6.93
13,Owen Sound,CA,2020-09-01 03:35:07,44.57,-80.94,63.0,92,100,8.9
14,Puerto Ayora,EC,2020-09-01 03:37:37,-0.74,-90.35,64.94,82,97,8.95
15,Gat,IL,2020-09-01 03:38:08,31.61,34.76,78.01,84,2,6.44
16,Erechim,BR,2020-09-01 03:38:08,-27.63,-52.27,57.52,96,97,9.08
17,Deputatskiy,RU,2020-09-01 03:38:09,69.3,139.9,45.01,59,69,12.15
18,Upernavik,GL,2020-09-01 03:38:09,72.79,-56.15,36.37,95,100,6.62
19,Mabaruma,GY,2020-09-01 03:38:09,8.2,-59.78,76.91,89,88,2.26
20,Lodja,CD,2020-09-01 03:38:09,-3.48,23.43,69.93,95,100,2.73
21,Husavik,IS,2020-09-01 03:38:10,66.04,-17.34,48.2,81,40,5.82
22,Srivardhan,IN,2020-09-01 03:38:10,18.03,73.02,82.15,79,91,3.78
23,Albany,US,2020-09-01 03:37:46,42.6,-73.97,64.99,73,50,4.16
24,Severo-Kurilsk,RU,2020-09-01 03:38:10,50.68,156.12,53.38,68,82,6.26
25,Yangjiang,CN,2020-09-01 03:37:08,21.85,111.97,93.0,55,37,2.64
26,Kahului,US,2020-09-01 03:38:11,20.89,-156.47,86.0,51,40,24.16
27,Yellowknife,CA,2020-09-01 03:37:14,62.46,-114.35,48.0,65,75,11.41
28,Ribeira Grande,PT,2020-09-01 03:38:11,38.52,-28.7,71.26,72,21,14.07
29,Cape Town,ZA,2020-09-01 03:38:11,-33.93,18.42,54.0,93,11,5.82
30,Ushuaia,AR,2020-09-01 03:38:12,-54.8,-68.3,37.4,92,75,33.33
31,Ixtapa,MX,2020-09-01 03:38:12,20.7,-105.2,78.01,100,90,8.05
32,Victoria,HK,2020-09-01 03:34:14,22.29,114.16,93.99,63,32,5.99
33,Kaeo,NZ,2020-09-01 03:38:12,-35.1,173.78,64.99,19,42,11.99
34,Saldanha,ZA,2020-09-01 03:38:13,-33.01,17.94,50.99,76,33,13.78
35,Port Alfred,ZA,2020-09-01 03:38:13,-33.59,26.89,57.09,74,100,16.71
36,Ancud,CL,2020-09-01 03:38:13,-41.87,-73.82,41.0,78,0,4.0
37,Grindavik,IS,2020-09-01 03:38:13,63.84,-22.43,50.0,100,90,9.17
38,Cayenne,GF,2020-09-01 03:38:14,4.93,-52.33,77.0,94,70,10.89
39,Kapaa,US,2020-09-01 03:38:14,22.08,-159.32,80.6,83,90,19.46
40,Yulara,AU,2020-09-01 03:38:14,-25.24,130.99,84.2,14,0,10.29
41,Lavrentiya,RU,2020-09-01 03:38:14,65.58,-171.0,43.52,74,100,12.35
42,Mahajanga,MG,2020-09-01 03:38:15,-15.72,46.32,68.0,64,20,4.7
43,Hithadhoo,MV,2020-09-01 03:38:15,-0.6,73.08,80.17,76,100,9.86
44,Jamestown,US,2020-09-01 03:34:41,42.1,-79.24,68.0,82,90,10.29
45,Kedrovyy,RU,2020-09-01 03:38:15,56.17,91.82,68.0,60,39,6.71
46,Tornio,FI,2020-09-01 03:38:16,65.85,24.15,30.2,100,18,2.24
47,Hasaki,JP,2020-09-01 03:38:16,35.73,140.83,81.0,78,75,12.75
48,Sakakah,SA,2020-09-01 03:38:16,29.97,40.21,78.8,10,0,9.17
49,Naze,JP,2020-09-01 03:38:16,28.37,129.48,87.8,84,75,25.28
50,Dikson,RU,2020-09-01 03:38:17,73.51,80.55,46.98,82,46,5.39
51,Lensk,RU,2020-09-01 03:38:17,60.73,114.93,64.58,47,0,7.7
52,Esperance,AU,2020-09-01 03:38:17,-33.87,121.9,57.2,76,75,24.16
53,Praia Da Vitoria,PT,2020-09-01 03:38:17,38.73,-27.07,69.8,77,20,8.79
54,Japura,ID,2020-09-01 03:38:18,-0.32,102.35,88.9,55,61,6.08
55,Butaritari,KI,2020-09-01 03:38:18,3.07,172.79,84.63,71,54,8.03
56,Atuona,PF,2020-09-01 03:38:18,-9.8,-139.03,78.53,76,61,21.03
57,Codrington,AU,2020-09-01 03:38:19,-38.27,141.97,55.71,68,88,16.84
58,Klaksvik,FO,2020-09-01 03:38:19,62.23,-6.59,51.8,100,100,20.8
59,Hermanus,ZA,2020-09-01 03:38:19,-34.42,19.23,50.88,83,57,13.98
60,Provideniya,RU,2020-09-01 03:38:19,64.38,-173.3,51.8,57,75,17.9
61,Alyangula,AU,2020-09-01 03:38:20,-13.85,136.42,91.4,26,71,11.41
62,Agadir,MA,2020-09-01 03:38:20,30.42,-9.6,87.8,43,100,6.93
63,Broome,US,2020-09-01 03:38:20,42.25,-75.83,64.4,72,90,8.05
64,Sitka,US,2020-09-01 03:36:54,57.05,-135.33,55.4,93,75,9.17
65,Guhagar,IN,2020-09-01 03:38:20,17.48,73.19,82.99,77,89,2.39
66,Uusikaupunki,FI,2020-09-01 03:38:21,60.8,21.41,46.4,93,0,3.36
67,Newcastle,AU,2020-09-01 03:38:03,-32.93,151.78,63.0,48,40,11.41
68,Jha Jha,IN,2020-09-01 03:38:21,24.77,86.37,89.2,62,99,7.7
69,Bredasdorp,ZA,2020-09-01 03:38:21,-34.53,20.04,47.12,91,71,5.95
70,Prince Rupert,CA,2020-09-01 03:36:14,54.32,-130.32,57.2,93,90,2.24
71,Murud,IN,2020-09-01 03:38:22,18.33,72.97,81.72,81,64,4.14
72,Port Elizabeth,ZA,2020-09-01 03:38:22,-33.92,25.57,57.99,71,100,5.99
73,Lebu,CL,2020-09-01 03:38:22,-37.62,-73.65,45.48,83,0,1.07
74,Nikolskoye,RU,2020-09-01 03:38:23,59.7,30.79,55.4,87,90,6.71
75,Saint-Philippe,RE,2020-09-01 03:38:23,-21.36,55.77,69.8,68,75,6.93
76,Bandarbeyla,SO,2020-09-01 03:38:23,9.49,50.81,81.1,62,11,27.25
77,Chokurdakh,RU,2020-09-01 03:38:23,70.63,147.92,42.39,71,100,12.1
78,Antalaha,MG,2020-09-01 03:38:23,-14.9,50.28,68.83,77,21,6.02
79,Hobart,AU,2020-09-01 03:38:24,-42.88,147.33,55.99,50,75,11.41
80,Fort Abbas,PK,2020-09-01 03:38:24,29.19,72.85,87.66,61,33,9.6
81,Norman Wells,CA,2020-09-01 03:38:24,65.28,-126.83,53.6,93,90,5.73
82,Tabuk,PH,2020-09-01 03:36:15,17.42,121.44,87.93,67,28,3.49
83,Talcahuano,CL,2020-09-01 03:38:25,-36.72,-73.12,42.8,100,0,2.24
84,Olafsvik,IS,2020-09-01 03:38:25,64.89,-23.71,50.31,89,100,9.22
85,Mar Del Plata,AR,2020-09-01 03:37:38,-38.0,-57.56,44.01,60,75,4.7
86,Garowe,SO,2020-09-01 03:38:25,8.41,48.48,78.58,57,0,25.68
87,Katobu,ID,2020-09-01 03:38:26,-4.94,122.53,85.3,71,72,8.95
88,Thompson,CA,2020-09-01 03:38:26,55.74,-97.86,44.6,100,75,6.93
89,Phibun Mangsahan,TH,2020-09-01 03:38:26,15.24,105.23,88.0,79,40,6.93
90,Hilo,US,2020-09-01 03:38:26,19.73,-155.09,80.6,69,90,8.05
91,Puerto Escondido,MX,2020-09-01 03:38:26,15.85,-97.07,82.4,58,40,3.89
92,Karpogory,RU,2020-09-01 03:38:27,64.0,44.45,45.23,86,100,6.15
93,Berbera,SO,2020-09-01 03:38:27,10.44,45.01,90.48,48,100,15.43
94,Faya,SA,2020-09-01 03:38:27,18.39,42.45,66.2,45,7,3.53
95,Ilulissat,GL,2020-09-01 03:38:28,69.22,-51.1,39.2,86,64,2.24
96,Port-Gentil,GA,2020-09-01 03:38:28,-0.72,8.78,74.84,84,100,12.82
97,Beringovskiy,RU,2020-09-01 03:38:28,63.05,179.32,47.55,63,40,9.89
98,Kirakira,SB,2020-09-01 03:38:28,-10.45,161.92,84.61,74,95,13.02
99,Sebeta,ET,2020-09-01 03:38:29,8.92,38.62,53.83,90,100,4.61
100,Cidreira,BR,2020-09-01 03:38:29,-30.18,-50.21,55.89,76,100,15.05
101,Lorengau,PG,2020-09-01 03:38:29,-2.02,147.27,85.33,67,68,5.01
102,Salalah,OM,2020-09-01 03:38:30,17.02,54.09,77.0,100,90,3.36
103,Avarua,CK,2020-09-01 03:38:30,-21.21,-159.78,77.0,69,25,13.87
104,Saint George,US,2020-09-01 03:37:37,37.1,-113.58,89.6,15,1,10.29
105,Eureka,US,2020-09-01 03:38:30,40.8,-124.16,62.01,78,0,2.04
106,Kununurra,AU,2020-09-01 03:38:31,-15.77,128.73,95.0,26,73,11.41
107,Gogrial,SS,2020-09-01 03:38:31,8.53,28.1,71.04,89,87,1.99
108,Mokhsogollokh,RU,2020-09-01 03:38:31,61.47,128.92,70.21,43,8,3.2
109,Barrow,US,2020-09-01 03:36:53,71.29,-156.79,37.4,86,75,21.92
110,Kruisfontein,ZA,2020-09-01 03:38:32,-34.0,24.73,57.99,71,100,5.99
111,Majene,ID,2020-09-01 03:38:32,-3.54,118.97,77.63,88,100,7.07
112,Maceio,BR,2020-09-01 03:35:09,-9.67,-35.74,73.4,83,40,4.7
113,Luangwa,ZM,2020-09-01 03:38:32,-15.62,30.42,71.2,71,8,12.12
114,Ponta Do Sol,PT,2020-09-01 03:38:33,32.67,-17.1,69.8,68,20,17.22
115,Zhanaozen,KZ,2020-09-01 03:38:33,43.3,52.8,78.03,32,0,7.65
116,Harper,LR,2020-09-01 03:38:33,4.38,-7.72,75.24,82,100,8.88
117,Isangel,VU,2020-09-01 03:34:05,-19.55,169.27,78.8,65,20,9.17
118,Vardo,NO,2020-09-01 03:38:34,70.37,31.11,42.8,70,100,10.29
119,Arraial Do Cabo,BR,2020-09-01 03:38:34,-22.97,-42.03,72.28,85,100,10.67
120,Bluff,NZ,2020-09-01 03:38:34,-46.6,168.33,45.0,72,56,11.01
121,Vostok,RU,2020-09-01 03:38:34,46.49,135.88,71.42,50,47,5.08
122,Alassio,IT,2020-09-01 03:38:35,44.0,8.17,66.2,82,5,3.36
123,San Patricio,MX,2020-09-01 03:38:35,19.22,-104.7,78.06,83,100,2.39
124,Yumen,CN,2020-09-01 03:38:35,40.28,97.2,75.83,17,0,11.05
125,Ossora,RU,2020-09-01 03:38:36,59.24,163.07,56.43,53,100,15.46
126,Longyearbyen,SJ,2020-09-01 03:38:36,78.22,15.64,39.2,80,75,19.46
127,Chuy,UY,2020-09-01 03:38:36,-33.7,-53.46,45.66,77,100,6.89
128,Progreso,MX,2020-09-01 03:38:36,21.28,-89.67,86.0,75,0,11.52
129,Keti Bandar,PK,2020-09-01 03:38:37,24.14,67.45,82.62,73,78,14.65
130,Tasiilaq,GL,2020-09-01 03:38:37,65.61,-37.64,39.2,93,100,2.73
131,Latung,PH,2020-09-01 03:38:37,5.5,120.88,84.56,73,98,8.19
132,Georgetown,MY,2020-09-01 03:38:38,5.41,100.34,87.8,66,20,10.29
133,Birao,CF,2020-09-01 03:38:38,10.28,22.79,69.6,94,64,3.04
134,Fare,PF,2020-09-01 03:38:38,-16.7,-151.02,78.37,74,21,23.15
135,Broken Hill,AU,2020-09-01 03:34:59,-31.95,141.43,62.6,27,15,10.29
136,Rio Gallegos,AR,2020-09-01 03:36:32,-51.62,-69.22,32.0,92,0,11.41
137,Butterworth,MY,2020-09-01 03:38:39,5.4,100.36,87.8,66,20,10.29
138,Warmbad,NA,2020-09-01 03:38:39,-28.45,18.73,41.32,51,0,6.31
139,Flinders,AU,2020-09-01 03:38:39,-34.58,150.86,61.0,62,26,10.0
140,Tiksi,RU,2020-09-01 03:38:40,71.69,128.87,45.14,75,0,13.13
141,Meulaboh,ID,2020-09-01 03:38:40,4.14,96.13,82.94,75,88,11.23
142,Kalmunai,LK,2020-09-01 03:38:40,7.42,81.82,86.59,62,92,3.11
143,Xichang,CN,2020-09-01 03:38:40,27.9,102.26,77.68,57,13,3.18
144,Bristol,US,2020-09-01 03:38:41,41.83,-71.17,64.99,93,1,4.07
145,Puro,PH,2020-09-01 03:38:41,12.48,123.38,87.13,65,99,8.5
146,Sao Joao Da Barra,BR,2020-09-01 03:38:41,-21.64,-41.05,72.73,81,97,8.84
147,Solikamsk,RU,2020-09-01 03:38:41,59.62,56.77,52.93,95,100,6.76
148,Shimoda,JP,2020-09-01 03:38:42,34.67,138.95,80.6,78,75,16.11
149,Hofn,IS,2020-09-01 03:38:42,64.25,-15.21,51.35,93,81,12.8
150,East London,ZA,2020-09-01 03:38:42,-33.02,27.91,59.63,69,98,14.12
151,Katsuura,JP,2020-09-01 03:38:43,35.13,140.3,82.99,66,22,3.0
152,Talnakh,RU,2020-09-01 03:38:43,69.49,88.4,44.6,100,90,8.95
153,Namibe,AO,2020-09-01 03:38:43,-15.2,12.15,58.6,83,0,0.27
154,Cap Malheureux,MU,2020-09-01 03:38:43,-19.98,57.61,72.0,73,7,10.0
155,Kavaratti,IN,2020-09-01 03:38:44,10.57,72.64,82.4,78,40,9.17
156,Cabo San Lucas,MX,2020-09-01 03:38:44,22.89,-109.91,84.0,70,30,3.0
157,Sechura,PE,2020-09-01 03:38:44,-5.56,-80.82,62.65,80,100,15.77
158,Batamshinskiy,KZ,2020-09-01 03:38:44,50.56,58.27,66.2,59,0,1.23
159,Carnarvon,AU,2020-09-01 03:38:45,-24.87,113.63,69.8,64,40,19.46
160,Walvis Bay,NA,2020-09-01 03:38:45,-22.96,14.51,46.99,93,0,6.93
161,Bowen,AU,2020-09-01 03:38:45,-20.02,148.23,77.0,53,0,16.11
162,Mogadishu,SO,2020-09-01 03:38:45,2.04,45.34,78.06,82,23,17.85
163,Portales,US,2020-09-01 03:38:46,34.19,-103.33,69.01,55,1,5.3
164,Reutte,AT,2020-09-01 03:38:46,47.48,10.72,50.0,94,100,1.01
165,Saskylakh,RU,2020-09-01 03:38:46,71.92,114.08,49.19,59,100,9.04
166,Itoman,JP,2020-09-01 03:38:47,26.12,127.67,80.6,94,75,47.2
167,Talakan,RU,2020-09-01 03:38:47,50.32,130.37,71.33,78,65,5.93
168,Cherskiy,RU,2020-09-01 03:38:47,68.75,161.3,46.31,68,99,4.21
169,Prokopyevsk,RU,2020-09-01 03:38:47,53.91,86.72,67.28,67,35,9.98
170,Leningradskiy,RU,2020-09-01 03:38:48,69.38,178.42,36.72,95,100,3.85
171,Rantoul,US,2020-09-01 03:38:48,40.31,-88.16,72.0,100,1,4.29
172,Nizhniy Kuranakh,RU,2020-09-01 03:38:48,58.84,125.49,57.34,82,99,2.19
173,Petropavlovsk-Kamchatskiy,RU,2020-09-01 03:38:48,53.05,158.65,66.2,45,77,4.47
174,Kjollefjord,NO,2020-09-01 03:38:49,70.95,27.35,46.08,72,96,15.66
175,Sorland,NO,2020-09-01 03:38:49,67.67,12.69,51.8,87,75,10.29
176,Esmeraldas,BR,2020-09-01 03:38:49,-19.76,-44.31,69.8,64,0,9.17
177,Te Anau,NZ,2020-09-01 03:38:49,-45.42,167.72,42.6,79,30,7.07
178,Mahebourg,MU,2020-09-01 03:38:50,-20.41,57.7,69.8,83,75,11.41
179,Caravelas,BR,2020-09-01 03:38:50,-17.71,-39.25,71.28,90,89,5.5
180,Necochea,AR,2020-09-01 03:38:50,-38.55,-58.74,37.0,77,76,1.99
181,Guadalajara,MX,2020-09-01 03:34:31,20.67,-103.33,69.8,73,40,3.36
182,Kavieng,PG,2020-09-01 03:38:50,-2.57,150.8,83.08,74,95,7.7
183,New Norfolk,AU,2020-09-01 03:34:31,-42.78,147.06,55.0,63,98,5.01
184,Marsh Harbour,BS,2020-09-01 03:35:22,26.54,-77.06,84.78,72,1,9.64
185,Adrar,MR,2020-09-01 03:38:51,20.5,-10.07,87.67,21,6,3.4
186,Port Blair,IN,2020-09-01 03:38:51,11.67,92.75,85.95,68,100,7.02
187,Hobyo,SO,2020-09-01 03:38:52,5.35,48.53,79.18,76,4,23.51
188,Airai,TL,2020-09-01 03:38:52,-8.93,125.41,77.76,47,8,7.18
189,Oranjemund,NA,2020-09-01 03:38:52,-28.55,16.43,51.31,87,2,10.89
190,Uman,UA,2020-09-01 03:38:52,48.75,30.22,66.88,39,0,1.77
191,Dingli,MT,2020-09-01 03:38:53,35.86,14.38,78.01,88,20,10.29
192,Ucluelet,CA,2020-09-01 03:37:33,48.93,-125.55,57.0,88,8,0.94
193,Staraya Russa,RU,2020-09-01 03:38:53,57.99,31.36,50.05,98,62,5.01
194,Lucapa,AO,2020-09-01 03:38:53,-8.42,20.74,70.34,75,63,0.47
195,Bela Vista,BR,2020-09-01 03:38:54,-22.11,-56.52,67.89,74,0,4.07
196,Ahipara,NZ,2020-09-01 03:38:54,-35.17,173.17,60.93,76,3,12.1
197,Pisco,PE,2020-09-01 03:38:54,-13.7,-76.22,61.0,82,1,2.24
198,Palu,ID,2020-09-01 03:35:16,-0.89,119.87,85.28,72,95,1.95
199,Marawi,PH,2020-09-01 03:38:55,8.0,124.29,84.0,80,100,7.0
200,Komsomolskiy,UZ,2020-09-01 03:38:55,40.43,71.72,75.2,36,1,6.93
201,Manitowoc,US,2020-09-01 03:38:55,44.07,-87.8,64.0,93,75,8.05
202,Karratha,AU,2020-09-01 03:38:56,-20.74,116.85,93.69,13,18,11.68
203,Geraldton,AU,2020-09-01 03:37:27,-28.77,114.6,64.4,59,75,17.22
204,Olavarria,AR,2020-09-01 03:38:56,-36.89,-60.32,39.99,75,0,3.0
205,Iqaluit,CA,2020-09-01 03:38:56,63.75,-68.51,46.4,81,20,6.93
206,Lerwick,GB,2020-09-01 03:38:56,60.15,-1.15,55.4,82,19,18.34
207,Qaanaaq,GL,2020-09-01 03:38:57,77.48,-69.36,26.92,83,75,5.55
208,Paysandu,UY,2020-09-01 03:38:57,-32.32,-58.08,51.01,74,100,4.0
209,Dromolaxia,CY,2020-09-01 03:38:57,34.88,33.59,77.0,53,20,8.05
210,Bol,TD,2020-09-01 03:38:58,13.46,14.71,77.97,87,100,14.88
211,Turinsk,RU,2020-09-01 03:38:58,58.05,63.7,54.84,95,100,5.01
212,Nyrob,RU,2020-09-01 03:38:58,60.73,56.72,49.77,93,100,2.13
213,Bethel,US,2020-09-01 03:38:58,41.37,-73.41,63.0,87,1,3.36
214,Havre-Saint-Pierre,CA,2020-09-01 03:38:58,50.23,-63.6,44.6,93,1,2.24
215,Sao Filipe,CV,2020-09-01 03:38:59,14.9,-24.5,77.05,74,62,6.44
216,Abu Samrah,SY,2020-09-01 03:38:59,35.3,37.18,81.09,21,0,5.73
217,Bathsheba,BB,2020-09-01 03:38:59,13.22,-59.52,80.6,78,20,4.7
218,Teguldet,RU,2020-09-01 03:39:00,57.31,88.17,66.54,68,100,11.81
219,Rancho Palos Verdes,US,2020-09-01 03:39:00,33.74,-118.39,66.0,83,6,1.99
220,Coquimbo,CL,2020-09-01 03:39:00,-29.95,-71.34,53.6,81,11,4.7
221,Tuatapere,NZ,2020-09-01 03:39:00,-46.13,167.68,45.0,72,72,11.01
222,Podgornoye,RU,2020-09-01 03:39:01,51.73,39.15,55.4,76,0,4.47
223,Souillac,MU,2020-09-01 03:39:01,-20.52,57.52,69.8,83,75,11.41
224,Rocha,UY,2020-09-01 03:39:01,-34.48,-54.33,41.47,74,100,7.76
225,Tarabuco,BO,2020-09-01 03:39:01,-19.17,-64.92,45.54,94,28,4.63
226,Moa,CU,2020-09-01 03:39:02,20.66,-74.94,81.39,80,100,12.06
227,Marakkanam,IN,2020-09-01 03:39:02,12.2,79.95,85.78,65,65,4.76
228,Tezu,IN,2020-09-01 03:39:02,27.92,96.17,84.7,71,75,0.89
229,Laguna,US,2020-09-01 03:39:02,38.42,-121.42,81.0,44,1,8.05
230,Kangasala,FI,2020-09-01 03:39:03,61.46,24.08,46.4,93,0,3.36
231,Faanui,PF,2020-09-01 03:39:03,-16.48,-151.75,77.56,77,29,23.89
232,Isla Mujeres,MX,2020-09-01 03:39:04,21.23,-86.73,84.0,88,5,10.56
233,Tukrah,LY,2020-09-01 03:39:04,32.53,20.58,73.36,76,0,5.73
234,Brisbane,AU,2020-09-01 03:35:07,-27.47,153.03,78.01,56,20,13.87
235,Puerto Baquerizo Moreno,EC,2020-09-01 03:39:04,-0.9,-89.6,64.54,83,79,12.68
236,Ostrovnoy,RU,2020-09-01 03:39:04,68.05,39.51,46.0,81,61,8.34
237,Comodoro Rivadavia,AR,2020-09-01 03:39:05,-45.87,-67.5,35.6,93,14,4.9
238,Vao,NC,2020-09-01 03:39:05,-22.67,167.48,68.29,73,19,14.03
239,Bulnes,CL,2020-09-01 03:39:05,-36.74,-72.3,41.0,100,0,1.3
240,Campinas,BR,2020-09-01 03:39:06,-22.91,-47.06,68.0,72,2,17.22
241,Putina,PE,2020-09-01 03:39:06,-15.47,-69.43,41.52,76,68,8.41
242,Timoteo,BR,2020-09-01 03:39:06,-19.58,-42.64,67.93,79,26,1.68
243,Torbay,CA,2020-09-01 03:35:23,47.67,-52.73,53.01,93,90,13.87
244,Yenotayevka,RU,2020-09-01 03:39:06,47.25,47.03,75.9,42,0,10.87
245,Constitucion,CL,2020-09-01 03:39:07,-35.33,-72.42,45.28,83,0,4.54
246,Omboue,GA,2020-09-01 03:39:07,-1.57,9.26,73.2,85,94,8.1
247,El Tigre,VE,2020-09-01 03:39:07,8.89,-64.25,74.52,81,100,2.73
248,Shache,CN,2020-09-01 03:39:08,38.42,77.24,81.75,21,18,9.28
249,La Libertad,EC,2020-09-01 03:39:08,-2.23,-80.9,67.48,86,100,10.83
250,Groningen,NL,2020-09-01 03:38:58,53.25,6.75,55.0,93,41,1.12
251,Ust-Koksa,RU,2020-09-01 03:39:08,50.27,85.61,65.73,46,0,1.05
252,Lyamino,RU,2020-09-01 03:39:08,58.28,57.73,63.5,94,100,7.38
253,Nahrin,AF,2020-09-01 03:39:09,36.06,69.13,74.75,20,0,3.65
254,Raudeberg,NO,2020-09-01 03:39:09,61.99,5.14,50.0,87,45,6.93
255,Ambulu,ID,2020-09-01 03:39:09,-8.35,113.61,83.61,66,35,9.1
256,Svetlyy,RU,2020-09-01 03:39:10,54.67,20.13,57.0,87,40,4.47
257,Kemijarvi,FI,2020-09-01 03:39:10,66.71,27.43,41.94,84,49,3.13
258,Esna,EG,2020-09-01 03:39:10,25.29,32.55,82.4,37,0,3.36
259,Yatou,CN,2020-09-01 03:39:10,37.15,122.38,74.26,93,94,5.77
260,Gizo,SB,2020-09-01 03:39:11,-8.1,156.84,83.91,79,93,13.76
261,Avera,US,2020-09-01 03:39:11,33.19,-82.53,78.8,75,1,3.36
262,Tolaga Bay,NZ,2020-09-01 03:39:11,-38.37,178.3,63.25,56,0,7.61
263,Yinchuan,CN,2020-09-01 03:39:12,38.47,106.27,77.68,29,70,14.54
264,Joshimath,IN,2020-09-01 03:39:12,30.57,79.57,75.67,40,1,4.97
265,Bam,IR,2020-09-01 03:39:12,29.11,58.36,78.66,17,0,16.13
266,Iwanai,JP,2020-09-01 03:39:12,42.97,140.51,73.04,59,14,9.17
267,Sungaipenuh,ID,2020-09-01 03:39:13,-2.08,101.38,81.0,53,73,2.37
268,Lasa,IT,2020-09-01 03:39:13,46.62,10.7,46.4,93,75,6.93
269,Okha,RU,2020-09-01 03:39:13,53.57,142.95,56.19,95,100,14.7
270,Jodiya,IN,2020-09-01 03:39:13,22.69,70.31,82.0,10,8,13.71
271,Belmonte,BR,2020-09-01 03:39:14,-15.86,-38.88,71.6,88,75,2.24
272,Xuanhua,CN,2020-09-01 03:39:14,40.61,115.04,77.94,33,0,4.27
273,Yarensk,RU,2020-09-01 03:39:14,62.17,49.09,49.23,96,100,3.47
274,Matara,LK,2020-09-01 03:39:14,5.95,80.54,84.27,68,96,11.36
275,Uarini,BR,2020-09-01 03:39:15,-2.99,-65.11,73.42,96,23,2.46
276,Gondanglegi,ID,2020-09-01 03:39:15,-7.75,112.01,89.8,47,6,14.94
277,Pfullendorf,DE,2020-09-01 03:39:15,47.92,9.25,55.99,99,78,1.07
278,Boa Vista,BR,2020-09-01 03:39:16,2.82,-60.67,78.8,78,0,4.7
279,Tuktoyaktuk,CA,2020-09-01 03:39:16,69.45,-133.04,51.8,81,90,6.93
280,Borogontsy,RU,2020-09-01 03:39:16,62.67,131.17,67.73,47,21,2.06
281,Namatanai,PG,2020-09-01 03:39:16,-3.67,152.43,83.23,74,88,5.01
282,Dreux,FR,2020-09-01 03:39:17,48.67,1.25,52.0,93,4,2.24
283,Tomatlan,MX,2020-09-01 03:39:17,19.93,-105.25,75.45,93,100,1.99
284,Cotonou,BJ,2020-09-01 03:37:00,6.37,2.42,77.0,88,40,12.75
285,Khandyga,RU,2020-09-01 03:39:17,62.67,135.6,65.95,55,28,1.39
286,Kvitok,RU,2020-09-01 03:39:18,56.07,98.48,66.0,62,12,7.58
287,Clyde River,CA,2020-09-01 03:39:18,70.47,-68.59,41.0,65,1,6.93
288,Analipsis,GR,2020-09-01 03:39:18,35.32,25.57,82.99,69,0,4.7
289,Lithgow,AU,2020-09-01 03:39:18,-33.48,150.15,64.0,51,40,2.24
290,Chase,CA,2020-09-01 03:39:19,50.82,-119.69,61.0,77,81,1.74
291,Kharp,RU,2020-09-01 03:39:19,66.8,65.81,47.75,80,100,1.59
292,Nebolchi,RU,2020-09-01 03:39:19,59.12,33.35,54.14,98,100,6.33
293,Betare Oya,CM,2020-09-01 03:39:19,5.6,14.08,65.89,97,100,3.67
294,Nouadhibou,MR,2020-09-01 03:39:20,20.93,-17.03,69.8,83,0,12.75
295,Haines Junction,CA,2020-09-01 03:39:20,60.75,-137.51,46.44,77,51,6.6
296,Vila Velha,BR,2020-09-01 03:39:20,-20.33,-40.29,73.0,94,91,3.36
297,Mondeville,FR,2020-09-01 03:39:20,49.17,-0.32,50.0,87,75,2.24
298,Vysokogornyy,RU,2020-09-01 03:39:20,50.12,139.15,62.67,75,97,3.65
299,Semirom,IR,2020-09-01 03:39:21,31.42,51.57,61.77,29,0,2.35
300,Mizdah,LY,2020-09-01 03:39:21,31.45,12.98,73.29,35,0,5.1
301,Tiarei,PF,2020-09-01 03:39:21,-17.53,-149.33,82.4,58,40,9.17
302,Port Macquarie,AU,2020-09-01 03:38:53,-31.43,152.92,68.0,57,49,1.01
303,Bosaso,SO,2020-09-01 03:39:22,11.28,49.18,91.33,45,78,14.88
304,Margate,GB,2020-09-01 03:35:22,51.38,1.39,61.0,76,64,1.07
305,Dinar,TR,2020-09-01 03:39:22,38.06,30.17,57.2,44,0,1.12
306,Sabang,ID,2020-09-01 03:39:22,5.89,95.32,81.73,77,100,10.85
307,Chara,RU,2020-09-01 03:39:23,56.91,118.26,57.02,64,100,4.94
308,Mashhad,IR,2020-09-01 03:39:23,36.3,59.61,64.4,48,20,9.73
309,Palmer,US,2020-09-01 03:39:23,42.16,-72.33,62.6,77,75,3.36
310,Khani,GE,2020-09-01 03:39:23,41.96,42.96,78.8,44,0,24.16
311,Bilma,NE,2020-09-01 03:39:24,18.69,12.92,87.8,37,0,6.98
312,Zunheboto,IN,2020-09-01 03:39:24,25.97,94.52,77.29,69,99,1.9
313,San Angelo,US,2020-09-01 03:37:37,31.46,-100.44,79.0,78,75,12.75
314,Kodiak,US,2020-09-01 03:39:24,57.79,-152.41,59.0,62,1,12.75
315,Mahibadhoo,MV,2020-09-01 03:39:25,3.78,72.97,82.94,72,97,10.98
316,Wanning,CN,2020-09-01 03:37:37,18.8,110.4,88.81,62,4,5.86
317,Sobolevo,RU,2020-09-01 03:39:25,54.43,31.9,55.92,94,99,8.34
318,Krasnyy Chikoy,RU,2020-09-01 03:39:25,50.36,108.75,57.58,70,89,13.06
319,Fairbanks,US,2020-09-01 03:34:44,64.84,-147.72,66.2,32,20,8.05
320,Richards Bay,ZA,2020-09-01 03:39:26,-28.78,32.04,59.2,77,100,3.02
321,Henties Bay,NA,2020-09-01 03:39:26,-22.12,14.28,46.99,87,0,6.15
322,Riyadh,SA,2020-09-01 03:37:26,24.69,46.72,82.4,39,54,2.24
323,Kenora,CA,2020-09-01 03:39:26,49.82,-94.43,55.4,62,75,8.05
324,Kieta,PG,2020-09-01 03:39:27,-6.22,155.63,82.02,75,100,5.14
325,Yar-Sale,RU,2020-09-01 03:39:27,66.83,70.83,48.78,77,100,10.92
326,Mackay,AU,2020-09-01 03:39:27,-21.15,149.2,77.0,64,0,11.41
327,Pio Ix,BR,2020-09-01 03:39:27,-6.84,-40.58,69.62,66,5,10.29
328,Kaabong,UG,2020-09-01 03:39:27,3.48,34.15,63.37,80,95,3.89
329,Lahij,YE,2020-09-01 03:39:28,13.17,44.58,84.15,56,66,6.51
330,Alofi,NU,2020-09-01 03:39:28,-19.06,-169.92,80.6,69,75,11.41
331,Saint-Augustin,CA,2020-09-01 03:39:28,51.23,-58.65,45.16,88,67,7.38
332,Inta,RU,2020-09-01 03:39:28,66.03,60.17,49.98,88,99,11.14
333,Ayan,RU,2020-09-01 03:39:29,56.45,138.17,53.91,88,99,11.41
334,Brody,UA,2020-09-01 03:39:29,50.09,25.15,57.06,95,9,6.15
335,Dubti,ET,2020-09-01 03:39:29,11.74,41.09,86.38,50,100,9.24
336,Fortuna,US,2020-09-01 03:39:29,40.6,-124.16,60.01,82,1,2.06
337,Taltal,CL,2020-09-01 03:39:30,-25.4,-70.48,54.36,75,99,2.75
338,Ahualulco,MX,2020-09-01 03:39:30,22.4,-101.17,66.2,72,75,8.05
339,Mulege,MX,2020-09-01 03:39:30,26.88,-111.98,86.18,65,11,6.71
340,Mount Isa,AU,2020-09-01 03:39:30,-20.73,139.5,86.0,13,0,14.99
341,Cururupu,BR,2020-09-01 03:39:31,-1.83,-44.87,75.16,91,1,4.14
342,Songjianghe,CN,2020-09-01 03:39:31,42.19,127.48,76.23,66,94,11.05
343,Powell,US,2020-09-01 03:39:31,40.16,-83.08,72.0,88,1,5.82
344,Carapegua,PY,2020-09-01 03:39:32,-25.8,-57.23,60.8,77,98,8.05
345,Mackenzie,CA,2020-09-01 03:39:32,55.3,-123.17,60.8,63,75,4.7
346,Ryotsu,JP,2020-09-01 03:39:32,38.08,138.43,84.2,70,75,6.93
347,Sur,OM,2020-09-01 03:39:33,22.57,59.53,86.68,53,55,6.15
348,Stadtbredimus,LU,2020-09-01 03:39:33,49.56,6.36,55.0,87,100,10.29
349,Praya,CV,2020-09-01 03:39:33,14.92,-23.51,78.8,78,75,9.17
350,Nishihara,JP,2020-09-01 03:39:33,26.18,127.76,80.6,94,75,47.2
351,Cabedelo,BR,2020-09-01 03:39:33,-6.98,-34.83,73.4,94,75,5.82
352,Ibate,BR,2020-09-01 03:39:34,-21.95,-48.0,69.8,77,1,9.17
353,Dingle,PH,2020-09-01 03:39:34,11.0,122.67,88.27,69,62,9.06
354,Bahir Dar,ET,2020-09-01 03:39:34,11.59,37.39,59.14,92,100,1.97
355,Kemin,KG,2020-09-01 03:39:34,42.78,75.69,72.7,39,47,1.77
356,Moissala,TD,2020-09-01 03:39:35,8.34,17.77,69.26,98,71,2.89
357,Saint Anthony,US,2020-09-01 03:39:35,45.02,-93.22,64.4,67,1,5.28
358,Cutro,IT,2020-09-01 03:39:35,39.04,16.98,75.2,64,0,16.11
359,Bonavista,CA,2020-09-01 03:39:36,48.65,-53.11,51.01,80,100,11.01
360,Elat,IL,2020-09-01 03:36:05,29.56,34.95,79.59,60,0,7.2
361,Port Lincoln,AU,2020-09-01 03:39:36,-34.73,135.87,65.03,51,100,18.88
362,Rio Grande,BR,2020-09-01 03:39:37,-32.03,-52.1,48.99,90,100,5.23
363,Clinton,US,2020-09-01 03:39:37,42.59,-82.92,69.01,100,75,5.97
364,San Cristobal,VE,2020-09-01 03:39:37,7.77,-72.22,66.56,90,82,2.51
365,Soyo,AO,2020-09-01 03:39:37,-6.13,12.37,70.84,81,59,5.75
366,Khasan,RU,2020-09-01 03:39:38,42.43,130.64,69.01,86,98,12.17
367,Quatre Cocos,MU,2020-09-01 03:39:38,-20.21,57.76,72.0,83,75,11.41
368,Roald,NO,2020-09-01 03:39:38,62.58,6.13,48.0,93,53,6.93
369,Termiz,UZ,2020-09-01 03:39:38,37.22,67.28,71.6,35,20,6.93
370,Miri,MY,2020-09-01 03:39:38,4.41,114.01,82.4,83,40,8.05
371,Kloulklubed,PW,2020-09-01 03:39:39,7.04,134.26,86.0,70,75,8.05
372,Santa Maria Do Suacui,BR,2020-09-01 03:39:39,-18.19,-42.41,62.69,78,76,2.62
373,Zaysan,KZ,2020-09-01 03:39:39,47.47,84.87,78.39,21,1,4.12
374,Half Moon Bay,US,2020-09-01 03:39:32,37.46,-122.43,63.0,93,90,3.51
375,Bhit Shah,PK,2020-09-01 03:39:40,25.8,68.49,80.6,83,40,6.93
376,Karachi,PK,2020-09-01 03:39:19,24.91,67.08,84.2,79,75,6.93
377,Lata,PT,2020-09-01 03:39:40,40.16,-8.33,62.01,64,77,1.01
378,Tres Arroyos,AR,2020-09-01 03:39:40,-38.37,-60.28,33.35,91,91,5.77
379,Labuhan,ID,2020-09-01 03:39:41,-6.88,112.21,89.92,47,1,3.8
380,Ust-Omchug,RU,2020-09-01 03:39:41,61.15,149.63,47.53,66,100,5.32
381,Mutis,CO,2020-09-01 03:39:41,6.23,-77.4,78.55,83,100,3.04
382,Sinazongwe,ZM,2020-09-01 03:39:41,-17.26,27.46,70.99,66,21,5.46
383,Saratoga Springs,US,2020-09-01 03:34:54,43.08,-73.78,60.01,75,38,3.33
384,Horta,PT,2020-09-01 03:39:42,38.53,-28.63,70.86,72,23,12.28
385,Tevaitoa,PF,2020-09-01 03:39:42,-16.78,-151.5,78.35,74,43,23.44
386,Sosnovo-Ozerskoye,RU,2020-09-01 03:39:42,52.52,111.54,59.43,69,85,9.64
387,Boca Do Acre,BR,2020-09-01 03:37:23,-8.75,-67.4,73.24,91,97,1.48
388,Sioux Lookout,CA,2020-09-01 03:38:23,50.1,-91.92,53.6,81,75,6.93
389,Hope,US,2020-09-01 03:35:07,33.67,-93.59,80.01,74,15,6.49
390,Bengkulu,ID,2020-09-01 03:39:43,-3.8,102.27,85.46,65,1,9.19
391,Camabatela,AO,2020-09-01 03:39:43,-8.19,15.38,61.88,90,60,2.19
392,Sambava,MG,2020-09-01 03:39:43,-14.27,50.17,69.57,78,1,9.98
393,Bolobo,CD,2020-09-01 03:39:43,-2.17,16.23,73.49,84,100,1.7
394,Dwarka,IN,2020-09-01 03:39:44,22.24,68.97,82.98,77,23,13.69
395,Taoudenni,ML,2020-09-01 03:39:44,22.68,-3.98,91.44,34,0,3.44
396,Amuntai,ID,2020-09-01 03:39:44,-2.42,115.25,85.26,67,100,3.56
397,Hamilton,US,2020-09-01 03:39:44,39.18,-84.53,73.0,94,1,3.36
398,Nadym,RU,2020-09-01 03:39:45,65.53,72.52,53.02,80,94,13.4
399,San Juan,AR,2020-09-01 03:39:45,-31.54,-68.54,50.32,47,2,5.21
400,Belaya Gora,RU,2020-09-01 03:39:45,68.53,146.42,47.39,57,81,11.01
401,Kaka,TM,2020-09-01 03:39:46,37.35,59.61,80.87,25,0,14.61
402,Tabou,CI,2020-09-01 03:39:46,4.42,-7.35,75.06,83,99,9.04
403,Shar,KZ,2020-09-01 03:37:53,49.59,81.05,74.1,37,0,3.36
404,Koutiala,ML,2020-09-01 03:39:46,12.39,-5.46,71.56,94,99,6.98
405,Carballo,ES,2020-09-01 03:39:46,43.21,-8.69,57.2,93,78,4.7
406,Talara,PE,2020-09-01 03:39:47,-4.58,-81.27,63.3,81,100,20.51
407,Savelugu,GH,2020-09-01 03:39:47,9.62,-0.83,72.9,94,100,6.46
408,Havoysund,NO,2020-09-01 03:39:47,71.0,24.66,44.6,87,75,13.87
409,Poronaysk,RU,2020-09-01 03:39:48,49.22,143.12,60.98,82,100,19.13
410,Akyab,MM,2020-09-01 03:39:48,20.15,92.9,81.99,85,100,7.14
411,Pangnirtung,CA,2020-09-01 03:39:48,66.15,-65.71,47.37,56,100,9.33
412,Touros,BR,2020-09-01 03:39:48,-5.2,-35.46,71.6,100,75,6.93
413,Weligama,LK,2020-09-01 03:39:48,5.97,80.42,83.66,70,84,11.01
414,Muros,ES,2020-09-01 03:39:49,42.78,-9.06,55.99,92,84,6.51
415,Hovd,MN,2020-09-01 03:39:49,48.01,91.64,65.17,35,0,4.72
416,Otane,NZ,2020-09-01 03:39:49,-39.88,176.63,58.3,68,48,3.22
417,Arman,RU,2020-09-01 03:39:49,59.7,150.17,55.35,65,99,5.23
418,Am Timan,TD,2020-09-01 03:39:50,11.03,20.28,72.5,93,99,3.18
419,Yerbogachen,RU,2020-09-01 03:39:50,61.28,108.01,63.07,51,0,5.61
420,Mujiayingzi,CN,2020-09-01 03:39:50,42.12,118.78,77.2,33,0,17.07
421,Middelburg,ZA,2020-09-01 03:39:50,-25.78,29.46,48.81,82,73,7.36
422,Buala,SB,2020-09-01 03:39:51,-8.14,159.59,86.11,66,100,5.3
423,Reconquista,AR,2020-09-01 03:39:51,-29.15,-59.65,48.56,71,100,7.52
424,Ambilobe,MG,2020-09-01 03:39:51,-13.2,49.05,68.9,65,7,3.87
425,Vila,PT,2020-09-01 03:39:51,42.03,-8.16,57.0,66,99,3.0
426,Takoradi,GH,2020-09-01 03:39:51,4.88,-1.76,74.48,89,91,7.09
427,Samarai,PG,2020-09-01 03:39:52,-10.62,150.67,77.77,87,97,17.6
428,Smithers,CA,2020-09-01 03:39:52,54.78,-127.17,62.6,48,40,16.11
429,Nelson Bay,AU,2020-09-01 03:39:53,-32.72,152.15,66.0,48,40,11.41
430,Makakilo City,US,2020-09-01 03:39:19,21.35,-158.09,84.2,62,90,10.29
431,Sept-Iles,CA,2020-09-01 03:39:53,50.2,-66.38,42.8,93,40,3.09
432,Itaporanga,BR,2020-09-01 03:39:53,-7.3,-38.15,66.51,80,9,7.29
433,Trincomalee,LK,2020-09-01 03:39:53,8.57,81.23,84.52,71,80,13.24
434,Ulladulla,AU,2020-09-01 03:39:54,-35.35,150.47,62.6,48,40,10.29
435,Asau,RO,2020-09-01 03:39:54,46.43,26.4,59.0,98,0,0.76
436,Kargopol,RU,2020-09-01 03:39:54,61.51,38.95,46.71,94,91,8.37
437,Paita,PE,2020-09-01 03:39:54,-5.09,-81.11,61.81,84,100,14.29
438,La Ronge,CA,2020-09-01 03:39:54,55.1,-105.28,48.2,76,5,5.82
439,Anzio,IT,2020-09-01 03:39:55,41.49,12.62,62.6,88,5,9.17
440,Mayumba,GA,2020-09-01 03:39:55,-3.43,10.66,73.24,85,99,6.6
441,Battle Creek,US,2020-09-01 03:39:55,42.32,-85.18,69.8,73,1,3.36
442,Taseyevo,RU,2020-09-01 03:39:55,57.22,94.9,70.0,54,68,8.81
443,Bhagalpur,IN,2020-09-01 03:39:56,25.25,87.0,90.28,62,100,7.2
444,Okhotsk,RU,2020-09-01 03:39:56,59.38,143.3,56.8,76,100,13.27
445,Novoseleznevo,RU,2020-09-01 03:39:56,55.68,69.21,64.96,75,94,12.8
446,Port Moresby,PG,2020-09-01 03:39:57,-9.44,147.18,84.2,74,40,17.22
447,Sola,VU,2020-09-01 03:39:57,-13.88,167.55,80.6,88,90,5.82
448,Boleslawiec,PL,2020-09-01 03:39:57,51.26,15.57,53.01,95,99,4.85
449,Pacific Grove,US,2020-09-01 03:39:57,36.62,-121.92,60.01,92,27,1.01
450,Seryshevo,RU,2020-09-01 03:39:58,51.09,128.38,67.32,79,92,4.68
451,Filadelfia,US,2020-09-01 03:39:58,39.95,-75.16,71.01,83,90,4.99
452,Huarmey,PE,2020-09-01 03:39:58,-10.07,-78.15,60.96,84,94,11.63
453,Goderich,CA,2020-09-01 03:35:30,43.75,-81.72,63.0,82,100,11.48
454,Nanortalik,GL,2020-09-01 03:39:58,60.14,-45.24,42.49,90,96,8.59
455,Kysyl-Syr,RU,2020-09-01 03:39:59,63.9,122.76,64.4,57,83,2.71
456,Kankan,GN,2020-09-01 03:39:59,10.39,-9.31,70.52,97,100,7.02
457,Guerrero Negro,MX,2020-09-01 03:36:43,27.98,-114.06,72.57,73,1,13.96
458,Krasnokamensk,RU,2020-09-01 03:39:59,50.1,118.04,61.0,69,100,6.89
459,Moron,AR,2020-09-01 03:39:59,-34.65,-58.62,48.99,85,100,4.0
460,Wainwright,CA,2020-09-01 03:40:00,52.84,-110.86,52.47,66,100,7.52
461,Teya,RU,2020-09-01 03:40:00,60.38,92.63,57.92,89,100,12.21
462,Kaduqli,SD,2020-09-01 03:40:00,11.02,29.72,70.7,90,93,2.15
463,Tiznit,MA,2020-09-01 03:40:00,29.58,-9.5,76.8,65,26,1.36
464,Butka,RU,2020-09-01 03:40:01,56.72,63.79,62.31,92,98,4.56
465,Palana,RU,2020-09-01 03:40:01,59.12,159.97,50.7,74,87,25.52
466,Brawley,US,2020-09-01 03:36:12,32.98,-115.53,98.6,35,40,12.75
467,Port Hardy,CA,2020-09-01 03:40:01,50.7,-127.42,57.2,100,90,2.24
468,Gimli,CA,2020-09-01 03:40:02,50.63,-96.99,52.0,99,42,12.44
469,Senador Jose Porfirio,BR,2020-09-01 03:40:02,-2.59,-51.95,73.9,93,17,4.52
470,Bilibino,RU,2020-09-01 03:40:02,68.05,166.44,41.92,65,88,5.66
471,Srednekolymsk,RU,2020-09-01 03:40:03,67.45,153.68,51.78,51,75,11.03
472,Mozarlandia,BR,2020-09-01 03:40:03,-14.74,-50.57,78.13,29,0,7.05
473,Balabac,PH,2020-09-01 03:40:03,7.99,117.06,87.53,61,81,3.33
474,Bonfim,BR,2020-09-01 03:40:03,3.08,-59.95,75.6,82,17,2.86
475,Lagoa,PT,2020-09-01 03:40:04,39.05,-27.98,70.77,69,81,9.48
476,Guane,CU,2020-09-01 03:40:04,22.2,-84.09,78.85,84,5,5.61
477,Matay,EG,2020-09-01 03:40:04,28.42,30.78,72.73,74,0,8.21
478,Severo-Yeniseyskiy,RU,2020-09-01 03:40:04,60.37,93.04,54.82,95,100,12.5
479,Mandera,KE,2020-09-01 03:40:05,3.94,41.87,76.15,65,20,13.44
480,Maningrida,AU,2020-09-01 03:40:05,-12.07,134.27,87.12,51,64,13.96
481,Nalut,LY,2020-09-01 03:40:05,30.33,10.85,77.61,27,0,9.66
482,Brookings,US,2020-09-01 03:37:30,44.31,-96.8,59.0,67,1,6.93
483,Borinskoye,RU,2020-09-01 03:40:06,52.46,39.37,62.6,59,10,8.95
484,Lompoc,US,2020-09-01 03:35:06,34.64,-120.46,60.8,82,1,6.93
485,Fernandez,AR,2020-09-01 03:40:06,-27.92,-63.89,52.12,43,100,6.29
486,Ashcroft,CA,2020-09-01 03:40:06,50.72,-121.29,68.0,42,75,9.17
487,Kirovo-Chepetsk,RU,2020-09-01 03:40:06,58.55,50.04,62.31,91,94,7.16
488,Marrakesh,MA,2020-09-01 03:40:07,31.63,-8.01,82.4,45,40,2.24
489,Kolyvan,RU,2020-09-01 03:40:07,55.31,82.74,66.2,68,100,8.95
490,Karavayevo,RU,2020-09-01 03:40:07,55.3,37.96,66.2,68,68,4.47
491,Dudinka,RU,2020-09-01 03:40:07,69.41,86.18,44.6,100,90,8.95
492,Ziway,ET,2020-09-01 03:40:08,7.93,38.72,63.19,84,100,4.45
493,Afzalpur,IN,2020-09-01 03:40:08,17.2,76.35,80.96,70,100,11.52
494,Makushino,RU,2020-09-01 03:40:09,55.21,67.24,66.33,75,94,10.71
495,Nyurba,RU,2020-09-01 03:40:09,63.28,118.33,63.64,53,1,6.22
496,Berlevag,NO,2020-09-01 03:40:09,70.86,29.09,47.16,73,89,18.61
497,Stromness,GB,2020-09-01 03:38:05,58.97,-3.3,50.0,93,2,4.7
498,Wadi Maliz,TN,2020-09-01 03:40:09,36.47,8.55,66.2,72,20,3.29
499,Mataram,ID,2020-09-01 03:40:10,-8.58,116.12,87.8,55,40,11.41
500,Horqueta,PY,2020-09-01 03:40:10,-23.34,-57.06,64.36,78,85,6.11
501,Tromso,NO,2020-09-01 03:40:10,69.65,18.96,48.2,93,90,8.05
502,Balad,IQ,2020-09-01 03:40:10,34.02,44.15,96.01,11,12,6.17
503,Kaputa,ZM,2020-09-01 03:40:11,-8.47,29.66,66.52,71,6,1.52
504,Taichung,TW,2020-09-01 03:38:42,24.15,120.68,93.0,66,75,13.87
505,Mao,ES,2020-09-01 03:40:11,39.89,4.27,71.6,64,2,8.05
506,Colares,PT,2020-09-01 03:40:11,38.8,-9.45,64.99,45,92,13.0
507,Mitsamiouli,KM,2020-09-01 03:40:11,-11.38,43.28,75.81,74,5,2.66
508,Alta Floresta,BR,2020-09-01 03:40:12,-9.88,-56.09,75.43,34,0,3.24
509,West Bay,KY,2020-09-01 03:40:12,19.37,-81.42,84.99,83,8,11.39
510,Bourail,NC,2020-09-01 03:40:12,-21.57,165.48,72.3,55,78,10.69
511,Jalalpur,PK,2020-09-01 03:40:12,32.64,74.22,82.4,78,40,4.7
512,Ornskoldsvik,SE,2020-09-01 03:40:12,63.29,18.72,42.8,81,0,8.05
513,Bemidji,US,2020-09-01 03:40:13,47.47,-94.88,55.4,66,1,5.82
514,Virtsu,EE,2020-09-01 03:40:13,58.57,23.51,51.01,93,57,5.99
515,Yarkovo,RU,2020-09-01 03:40:13,57.4,67.08,57.6,85,100,6.31
516,Soma,TR,2020-09-01 03:40:13,39.19,27.61,73.4,88,26,6.49
517,Sisimiut,GL,2020-09-01 03:40:14,66.94,-53.67,42.91,78,76,7.9
518,Cuitlahuac,MX,2020-09-01 03:40:14,18.82,-96.72,86.0,83,5,3.67
519,Straumen,NO,2020-09-01 03:40:14,63.87,11.3,48.0,86,35,9.17
520,Quang Ngai,VN,2020-09-01 03:40:14,15.12,108.8,93.45,48,15,2.82
521,Tikrit,IQ,2020-09-01 03:40:15,34.61,43.68,92.93,12,5,6.17
522,La Seyne-Sur-Mer,FR,2020-09-01 03:40:15,43.1,5.88,59.0,76,23,3.36
523,Kaitangata,NZ,2020-09-01 03:40:15,-46.28,169.85,48.0,45,61,8.01
524,Chinhoyi,ZW,2020-09-01 03:40:16,-17.37,30.2,58.71,76,0,6.06
525,Dores Do Indaia,BR,2020-09-01 03:40:16,-19.46,-45.6,67.17,65,0,3.0
526,Vila Franca Do Campo,PT,2020-09-01 03:40:16,37.72,-25.43,71.6,83,20,14.99
527,Muisne,EC,2020-09-01 03:40:16,0.6,-80.03,73.27,87,100,8.34
528,Aksha,RU,2020-09-01 03:40:17,50.28,113.29,57.02,80,100,11.34
529,Baringo,KE,2020-09-01 03:40:17,0.47,35.97,69.35,76,100,5.75
530,Avenal,US,2020-09-01 03:40:17,36.0,-120.13,86.0,34,0,10.13
531,Leshukonskoye,RU,2020-09-01 03:40:18,64.9,45.76,44.31,88,96,5.26
532,Tamale,GH,2020-09-01 03:40:18,9.4,-0.84,72.16,96,100,6.24
533,Jumla,NP,2020-09-01 03:39:03,29.27,82.18,75.31,44,33,4.09
534,Lazarev,RU,2020-09-01 03:40:18,52.23,141.51,58.96,87,100,22.12
535,Padang,ID,2020-09-01 03:37:11,-0.95,100.35,84.96,67,34,5.53
536,Santa Cruz Del Sur,CU,2020-09-01 03:40:19,20.71,-78.0,79.9,85,25,13.15
537,Seondha,IN,2020-09-01 03:40:19,26.16,78.78,82.4,78,40,6.93
538,Aquiraz,BR,2020-09-01 03:40:20,-3.9,-38.39,78.8,83,75,14.99
539,Pudozh,RU,2020-09-01 03:40:20,61.81,36.53,48.88,83,99,6.82
540,Moose Factory,CA,2020-09-01 03:40:20,51.26,-80.61,62.6,63,90,14.99
541,Burnie,AU,2020-09-01 03:40:20,-41.07,145.92,51.01,71,90,11.99
542,Vestmannaeyjar,IS,2020-09-01 03:40:21,63.44,-20.27,52.45,89,100,21.61
543,Medina,SA,2020-09-01 03:39:39,24.47,39.61,89.6,17,64,5.82
544,Peniche,PT,2020-09-01 03:40:21,39.36,-9.38,62.01,86,76,5.01
545,Barguzin,RU,2020-09-01 03:40:21,53.62,109.62,60.42,66,68,7.99
546,Linares,CL,2020-09-01 03:37:13,-35.85,-71.6,42.66,83,0,0.51
547,Olinda,BR,2020-09-01 03:40:22,-8.01,-34.86,78.8,69,75,17.22
548,Punta Alta,AR,2020-09-01 03:36:17,-38.88,-62.07,40.75,70,100,11.41
549,Qaqortoq,GL,2020-09-01 03:40:22,60.72,-46.03,46.4,75,100,9.17
550,Alugan,PH,2020-09-01 03:40:22,12.22,125.48,87.17,67,87,10.83
551,Boyolangu,ID,2020-09-01 03:40:22,-8.12,111.89,83.19,61,79,10.96
552,Grand Gaube,MU,2020-09-01 03:40:23,-20.01,57.66,72.0,73,9,8.99
553,Nokaneng,BW,2020-09-01 03:40:23,-19.67,22.27,56.46,39,0,7.54
554,Mecca,SA,2020-09-01 03:40:23,21.43,39.83,86.5,39,28,6.13
555,Nhulunbuy,AU,2020-09-01 03:40:24,-12.23,136.77,84.2,62,40,14.99
556,Smirnykh,RU,2020-09-01 03:40:24,49.75,142.83,62.71,71,100,7.9
557,Winslow,US,2020-09-01 03:39:00,35.02,-110.7,77.0,33,1,16.11
558,San Luis,AR,2020-09-01 03:40:24,-33.3,-66.34,50.94,46,99,3.15
559,Trelew,AR,2020-09-01 03:40:24,-43.25,-65.31,42.37,73,0,10.69
560,Korla,CN,2020-09-01 03:40:25,41.76,86.15,83.01,17,89,10.07
561,Tymovskoye,RU,2020-09-01 03:40:25,50.85,142.66,53.89,86,100,9.69
562,Aldan,RU,2020-09-01 03:40:25,58.6,125.39,57.74,75,79,6.02
563,Hoa Binh,VN,2020-09-01 03:37:51,20.81,105.34,87.8,66,0,6.93
564,Mbandaka,CD,2020-09-01 03:40:25,0.05,18.26,70.21,97,99,3.11
565,Ketchikan,US,2020-09-01 03:40:26,55.34,-131.65,59.0,93,90,4.7
566,Toba,JP,2020-09-01 03:40:26,34.48,136.85,82.99,87,6,8.01
567,Ledyard,US,2020-09-01 03:40:26,41.44,-72.01,68.0,77,90,6.93
568,Priyutnoye,RU,2020-09-01 03:36:20,46.1,43.51,62.01,55,0,8.99
569,Nardaran,AZ,2020-09-01 03:40:27,40.56,50.01,69.8,94,0,6.93
570,Ribeira Brava,PT,2020-09-01 03:40:27,32.65,-17.07,69.8,68,20,17.22
571,Mahanoro,MG,2020-09-01 03:40:27,-19.9,48.8,66.52,83,2,3.2
572,Tahta,EG,2020-09-01 03:40:27,26.77,31.5,77.25,44,0,8.48
573,Choix,MX,2020-09-01 03:40:27,26.71,-108.32,79.43,83,100,1.92
574,Araouane,ML,2020-09-01 03:40:28,18.9,-3.53,91.38,41,5,5.93
575,Barcarena,BR,2020-09-01 03:40:28,-1.51,-48.63,77.0,88,1,8.05
576,Guadalupe Victoria,MX,2020-09-01 03:40:28,32.29,-115.11,95.0,39,5,8.05
577,San Vicente,AR,2020-09-01 03:40:29,-26.62,-54.13,61.63,97,100,4.27
578,Mount Gambier,AU,2020-09-01 03:40:29,-37.83,140.77,57.2,54,100,18.34
